"","source","term_id","term_name","intersection_size","term_size","p_value"
"1","GO:BP","GO:0080090","regulation of primary metabolic process",1358,5486,3.4602047692607e-55
"2","GO:BP","GO:0019219","regulation of nucleobase-containing compound metabolic process",1043,4002,6.12084740001442e-50
"3","GO:BP","GO:0051252","regulation of RNA metabolic process",966,3709,3.22035251190544e-45
"4","GO:BP","GO:0006351","DNA-templated transcription",933,3559,1.02307793385485e-44
"5","GO:BP","GO:0006355","regulation of DNA-templated transcription",889,3435,9.68048505458213e-40
"6","GO:BP","GO:2001141","regulation of RNA biosynthetic process",893,3454,9.68048505458213e-40
"7","GO:BP","GO:0019538","protein metabolic process",1163,4813,1.98632996964934e-39
"8","GO:BP","GO:0006366","transcription by RNA polymerase II",700,2698,4.9259144161243e-30
"9","GO:BP","GO:0043412","macromolecule modification",786,3129,1.92492037466634e-29
"10","GO:BP","GO:0019222","regulation of metabolic process",1540,7076,9.41530385621025e-29
"11","GO:BP","GO:0006996","organelle organization",870,3570,2.20104844060348e-28
"12","GO:BP","GO:0006357","regulation of transcription by RNA polymerase II",663,2572,2.05574700936844e-27
"13","GO:BP","GO:0044238","primary metabolic process",2459,12419,8.29632210144468e-26
"14","GO:BP","GO:0060255","regulation of macromolecule metabolic process",1422,6535,1.941375488592e-25
"15","GO:BP","GO:0048522","positive regulation of cellular process",1298,5886,7.81266637866397e-25
"16","GO:BP","GO:0048518","positive regulation of biological process",1356,6235,1.35377252965238e-23
"17","GO:BP","GO:0036211","protein modification process",720,2947,6.76220013290285e-23
"18","GO:BP","GO:0045935","positive regulation of nucleobase-containing compound metabolic process",531,2038,2.28080345369888e-22
"19","GO:BP","GO:0009056","catabolic process",639,2562,2.78501697767722e-22
"20","GO:BP","GO:0046907","intracellular transport",386,1371,6.27264778919392e-22
"21","GO:BP","GO:0050789","regulation of biological process",2411,12278,9.27593614527478e-22
"22","GO:BP","GO:0050794","regulation of cellular process",2340,11876,2.79825285816742e-21
"23","GO:BP","GO:0009893","positive regulation of metabolic process",850,3648,4.06512408712806e-21
"24","GO:BP","GO:0065007","biological regulation",2471,12671,8.25758125544409e-21
"25","GO:BP","GO:0009889","regulation of biosynthetic process",1253,5795,4.15326040827871e-20
"26","GO:BP","GO:0010604","positive regulation of macromolecule metabolic process",786,3349,4.15326040827871e-20
"27","GO:BP","GO:0010556","regulation of macromolecule biosynthetic process",1219,5633,1.76064900710043e-19
"28","GO:BP","GO:0006412","translation",229,721,3.41677636617303e-19
"29","GO:BP","GO:0051254","positive regulation of RNA metabolic process",476,1844,5.15634869436816e-19
"30","GO:BP","GO:0010468","regulation of gene expression",1190,5515,2.27605023436056e-18
"31","GO:BP","GO:0051649","establishment of localization in cell",500,1976,3.30301643136675e-18
"32","GO:BP","GO:0009057","macromolecule catabolic process",366,1348,6.62268248583727e-18
"33","GO:BP","GO:0006325","chromatin organization",251,843,4.59880408337102e-17
"34","GO:BP","GO:0033554","cellular response to stress",455,1786,5.92597723416233e-17
"35","GO:BP","GO:0140053","mitochondrial gene expression",78,164,1.34472311206782e-16
"36","GO:BP","GO:0045893","positive regulation of DNA-templated transcription",437,1710,1.79351589822215e-16
"37","GO:BP","GO:1902680","positive regulation of RNA biosynthetic process",437,1713,2.45088023056106e-16
"38","GO:BP","GO:0033036","macromolecule localization",738,3211,2.87459432090429e-16
"39","GO:BP","GO:0043687","post-translational protein modification",286,1013,3.9347922742309e-16
"40","GO:BP","GO:0051641","cellular localization",816,3625,7.39340604887722e-16
"41","GO:BP","GO:0010557","positive regulation of macromolecule biosynthetic process",614,2604,1.72553467266667e-15
"42","GO:BP","GO:0032446","protein modification by small protein conjugation",246,846,2.20778749835341e-15
"43","GO:BP","GO:0009891","positive regulation of biosynthetic process",633,2707,3.120165657535e-15
"44","GO:BP","GO:0015031","protein transport",372,1428,3.49169146131833e-15
"45","GO:BP","GO:0070647","protein modification by small protein conjugation or removal",271,962,3.97517006112987e-15
"46","GO:BP","GO:0045934","negative regulation of nucleobase-containing compound metabolic process",402,1579,8.64180751982194e-15
"47","GO:BP","GO:0008152","metabolic process",2682,14188,1.18519207638948e-14
"48","GO:BP","GO:0071705","nitrogen compound transport",468,1909,2.42046613635488e-14
"49","GO:BP","GO:0051128","regulation of cellular component organization",562,2398,1.84549388346222e-13
"50","GO:BP","GO:0008104","protein localization",629,2738,1.95556480714412e-13
"51","GO:BP","GO:0070727","cellular macromolecule localization",631,2749,2.04738558401128e-13
"52","GO:BP","GO:0051253","negative regulation of RNA metabolic process",370,1457,2.44162352419791e-13
"53","GO:BP","GO:0006259","DNA metabolic process",271,993,2.66013269536652e-13
"54","GO:BP","GO:0009894","regulation of catabolic process",279,1030,2.68591243969509e-13
"55","GO:BP","GO:0006886","intracellular protein transport",202,685,3.41240716712309e-13
"56","GO:BP","GO:0051603","proteolysis involved in protein catabolic process",212,732,5.38673990873673e-13
"57","GO:BP","GO:0035556","intracellular signal transduction",666,2946,7.46041869231998e-13
"58","GO:BP","GO:0043632","modification-dependent macromolecule catabolic process",185,617,9.03790178598758e-13
"59","GO:BP","GO:0030163","protein catabolic process",264,973,1.21339266529704e-12
"60","GO:BP","GO:0006338","chromatin remodeling",199,682,1.63506348506964e-12
"61","GO:BP","GO:0019941","modification-dependent protein catabolic process",183,613,1.91015757095474e-12
"62","GO:BP","GO:0042254","ribosome biogenesis",111,316,3.47013941330016e-12
"63","GO:BP","GO:0032543","mitochondrial translation",60,130,4.81610644634484e-12
"64","GO:BP","GO:0016567","protein ubiquitination",215,762,5.89037805756848e-12
"65","GO:BP","GO:0006511","ubiquitin-dependent protein catabolic process",179,603,6.24615689662354e-12
"66","GO:BP","GO:0006974","DNA damage response",244,901,1.5231264528596e-11
"67","GO:BP","GO:0048523","negative regulation of cellular process",1162,5646,4.04773837538171e-11
"68","GO:BP","GO:0006402","mRNA catabolic process",91,250,6.78006667042846e-11
"69","GO:BP","GO:0033043","regulation of organelle organization",292,1139,7.40893380377504e-11
"70","GO:BP","GO:0006281","DNA repair",177,610,7.50617030642439e-11
"71","GO:BP","GO:0010498","proteasomal protein catabolic process",152,502,8.8613399721633e-11
"72","GO:BP","GO:1903311","regulation of mRNA metabolic process",104,303,1.04419275944699e-10
"73","GO:BP","GO:0045184","establishment of protein localization",450,1925,2.39846740569723e-10
"74","GO:BP","GO:1902679","negative regulation of RNA biosynthetic process",333,1352,3.71336225415671e-10
"75","GO:BP","GO:0006403","RNA localization",75,197,5.4599992617676e-10
"76","GO:BP","GO:0045892","negative regulation of DNA-templated transcription",329,1337,5.60328596519489e-10
"77","GO:BP","GO:0034655","nucleobase-containing compound catabolic process",155,529,8.54146802219957e-10
"78","GO:BP","GO:0051179","localization",1127,5521,1.0943136888799e-09
"79","GO:BP","GO:0009987","cellular process",3585,20203,1.24261488125918e-09
"80","GO:BP","GO:0048519","negative regulation of biological process",1189,5865,1.3543610772554e-09
"81","GO:BP","GO:0043161","proteasome-mediated ubiquitin-dependent protein catabolic process",124,400,1.89372682088804e-09
"82","GO:BP","GO:0051052","regulation of DNA metabolic process",145,492,2.42135219007137e-09
"83","GO:BP","GO:0023051","regulation of signaling",738,3446,2.4400717078846e-09
"84","GO:BP","GO:0009896","positive regulation of catabolic process",155,537,2.7760185178372e-09
"85","GO:BP","GO:0051169","nuclear transport",107,331,2.78278473397921e-09
"86","GO:BP","GO:0006913","nucleocytoplasmic transport",107,331,2.78278473397921e-09
"87","GO:BP","GO:0051246","regulation of protein metabolic process",453,1975,3.33706869828735e-09
"88","GO:BP","GO:0048583","regulation of response to stimulus",833,3958,3.59474765660265e-09
"89","GO:BP","GO:0006796","phosphate-containing compound metabolic process",565,2550,3.77972573380542e-09
"90","GO:BP","GO:0045944","positive regulation of transcription by RNA polymerase II",309,1261,3.77972573380542e-09
"91","GO:BP","GO:0010646","regulation of cell communication",737,3453,4.53436275035297e-09
"92","GO:BP","GO:0006793","phosphorus metabolic process",565,2553,4.53436275035297e-09
"93","GO:BP","GO:0007005","mitochondrion organization",129,427,4.53436275035297e-09
"94","GO:BP","GO:0043484","regulation of RNA splicing",70,188,7.31635060270055e-09
"95","GO:BP","GO:0009966","regulation of signal transduction",653,3020,7.75165645844859e-09
"96","GO:BP","GO:0060341","regulation of cellular localization",252,997,1.07589071784338e-08
"97","GO:BP","GO:0080135","regulation of cellular response to stress",147,512,1.20223602267714e-08
"98","GO:BP","GO:0016072","rRNA metabolic process",88,263,1.98778182242187e-08
"99","GO:BP","GO:0006914","autophagy",160,574,2.0420467884471e-08
"100","GO:BP","GO:0061919","process utilizing autophagic mechanism",160,574,2.0420467884471e-08
"101","GO:BP","GO:0007049","cell cycle",418,1824,2.13886622801131e-08
"102","GO:BP","GO:0006399","tRNA metabolic process",74,208,2.28536588735374e-08
"103","GO:BP","GO:0006810","transport",896,4341,3.4238777787564e-08
"104","GO:BP","GO:0071840","cellular component organization or biogenesis",1616,8323,3.83609586811218e-08
"105","GO:BP","GO:0032880","regulation of protein localization",226,891,6.77936152264752e-08
"106","GO:BP","GO:0006401","RNA catabolic process",97,308,9.25026460485824e-08
"107","GO:BP","GO:0051726","regulation of cell cycle",268,1104,1.87104570313757e-07
"108","GO:BP","GO:0000209","protein polyubiquitination",86,266,1.95504270493523e-07
"109","GO:BP","GO:0032259","methylation",78,234,2.29481743060602e-07
"110","GO:BP","GO:0051168","nuclear export",61,167,2.44743249940963e-07
"111","GO:BP","GO:0051236","establishment of RNA localization",59,161,3.81308356533175e-07
"112","GO:BP","GO:0006302","double-strand break repair",96,312,4.08553670855348e-07
"113","GO:BP","GO:0006364","rRNA processing",75,225,4.45548345534781e-07
"114","GO:BP","GO:0009895","negative regulation of catabolic process",105,352,5.05694969455696e-07
"115","GO:BP","GO:0009968","negative regulation of signal transduction",305,1300,5.73049274170074e-07
"116","GO:BP","GO:0043414","macromolecule methylation",50,129,6.39457443013544e-07
"117","GO:BP","GO:0006417","regulation of translation",110,378,9.72671465954162e-07
"118","GO:BP","GO:0038202","TORC1 signaling",41,98,1.06425954331989e-06
"119","GO:BP","GO:0141188","nucleic acid catabolic process",100,335,1.06571221324506e-06
"120","GO:BP","GO:0050658","RNA transport",57,158,1.2236760642479e-06
"121","GO:BP","GO:0050657","nucleic acid transport",57,158,1.2236760642479e-06
"122","GO:BP","GO:0051130","positive regulation of cellular component organization",261,1093,1.35748841134993e-06
"123","GO:BP","GO:0061013","regulation of mRNA catabolic process",65,190,1.3601669470773e-06
"124","GO:BP","GO:0043170","macromolecule metabolic process",2255,12088,1.41497596055885e-06
"125","GO:BP","GO:0000122","negative regulation of transcription by RNA polymerase II",240,992,1.58627684074646e-06
"126","GO:BP","GO:0010638","positive regulation of organelle organization",132,481,1.74907646113008e-06
"127","GO:BP","GO:0032204","regulation of telomere maintenance",43,107,1.85331794096433e-06
"128","GO:BP","GO:0009451","RNA modification",60,172,2.04504320302901e-06
"129","GO:BP","GO:0033044","regulation of chromosome organization",76,237,2.04886016102279e-06
"130","GO:BP","GO:0048193","Golgi vesicle transport",91,301,2.24462929374453e-06
"131","GO:BP","GO:0043488","regulation of mRNA stability",60,173,2.54450138696884e-06
"132","GO:BP","GO:0008033","tRNA processing",51,138,2.55868977042416e-06
"133","GO:BP","GO:0051234","establishment of localization",975,4869,2.71626111445749e-06
"134","GO:BP","GO:0023057","negative regulation of signaling",322,1407,2.75718174719482e-06
"135","GO:BP","GO:0016073","snRNA metabolic process",28,57,2.97362315872604e-06
"136","GO:BP","GO:0006282","regulation of DNA repair",70,215,3.46241915953576e-06
"137","GO:BP","GO:1904262","negative regulation of TORC1 signaling",24,45,3.58587686559459e-06
"138","GO:BP","GO:0010648","negative regulation of cell communication",321,1407,3.90427792911837e-06
"139","GO:BP","GO:0015931","nucleobase-containing compound transport",73,230,5.67366688490862e-06
"140","GO:BP","GO:0043487","regulation of RNA stability",62,185,5.98104921374786e-06
"141","GO:BP","GO:0032879","regulation of localization",436,2005,6.8377247855565e-06
"142","GO:BP","GO:0009892","negative regulation of metabolic process",703,3418,7.30108677285211e-06
"143","GO:BP","GO:0022402","cell cycle process",294,1280,7.4408392688048e-06
"144","GO:BP","GO:0019637","organophosphate metabolic process",250,1063,9.22346281127456e-06
"145","GO:BP","GO:0051028","mRNA transport",47,128,9.93213671560504e-06
"146","GO:BP","GO:0051276","chromosome organization",160,628,1.15616354214496e-05
"147","GO:BP","GO:0006139","nucleobase-containing compound metabolic process",1533,8016,1.24344687821346e-05
"148","GO:BP","GO:0016192","vesicle-mediated transport",345,1547,1.30930944187057e-05
"149","GO:BP","GO:0098727","maintenance of cell number",61,185,1.34941519401501e-05
"150","GO:BP","GO:0006839","mitochondrial transport",61,185,1.34941519401501e-05
"151","GO:BP","GO:0061024","membrane organization",200,822,1.34941519401501e-05
"152","GO:BP","GO:1903432","regulation of TORC1 signaling",37,92,1.4133920639196e-05
"153","GO:BP","GO:0000278","mitotic cell cycle",215,897,1.53995161607509e-05
"154","GO:BP","GO:0006457","protein folding",69,219,1.57050664352967e-05
"155","GO:BP","GO:0007275","multicellular organism development",928,4658,1.60166716085196e-05
"156","GO:BP","GO:0018193","peptidyl-amino acid modification",183,742,1.62324854688685e-05
"157","GO:BP","GO:0000723","telomere maintenance",55,162,1.73988736618825e-05
"158","GO:BP","GO:0051054","positive regulation of DNA metabolic process",84,284,1.76496068368842e-05
"159","GO:BP","GO:0070925","organelle assembly",235,998,1.81926776542412e-05
"160","GO:BP","GO:0000956","nuclear-transcribed mRNA catabolic process",45,123,1.85772514038936e-05
"161","GO:BP","GO:0031929","TOR signaling",56,167,2.11164469255627e-05
"162","GO:BP","GO:0006383","transcription by RNA polymerase III",28,62,2.32807840017541e-05
"163","GO:BP","GO:1903047","mitotic cell cycle process",183,747,2.51955655233317e-05
"164","GO:BP","GO:0019827","stem cell population maintenance",59,181,3.02783503858136e-05
"165","GO:BP","GO:0032210","regulation of telomere maintenance via telomerase",26,56,3.04523602506131e-05
"166","GO:BP","GO:1902531","regulation of intracellular signal transduction",417,1935,3.24343684810182e-05
"167","GO:BP","GO:1901135","carbohydrate derivative metabolic process",232,992,3.59764280889871e-05
"168","GO:BP","GO:0016043","cellular component organization",1543,8108,3.60505405316314e-05
"169","GO:BP","GO:0008219","cell death",426,1984,3.60505405316314e-05
"170","GO:BP","GO:0048585","negative regulation of response to stimulus",364,1663,3.76651644007904e-05
"171","GO:BP","GO:0012501","programmed cell death",425,1980,3.8058026311963e-05
"172","GO:BP","GO:0080134","regulation of response to stress",303,1354,4.81551058829559e-05
"173","GO:BP","GO:0065009","regulation of molecular function",353,1611,4.96056185932129e-05
"174","GO:BP","GO:0032212","positive regulation of telomere maintenance via telomerase",19,35,4.96056185932129e-05
"175","GO:BP","GO:0040029","epigenetic regulation of gene expression",73,245,6.91546732950289e-05
"176","GO:BP","GO:1904356","regulation of telomere maintenance via telomere lengthening",28,65,6.99873499464463e-05
"177","GO:BP","GO:0034504","protein localization to nucleus",89,316,7.32918201013107e-05
"178","GO:BP","GO:0032790","ribosome disassembly",19,36,8.59119729801861e-05
"179","GO:BP","GO:1903050","regulation of proteolysis involved in protein catabolic process",71,238,8.96052600319077e-05
"180","GO:BP","GO:0007004","telomere maintenance via telomerase",30,73,9.61083971159173e-05
"181","GO:BP","GO:1903313","positive regulation of mRNA metabolic process",47,138,9.79044276069954e-05
"182","GO:BP","GO:0006753","nucleoside phosphate metabolic process",158,642,0.000103987314993769
"183","GO:BP","GO:0050793","regulation of developmental process",511,2453,0.000103987314993769
"184","GO:BP","GO:0032007","negative regulation of TOR signaling",29,70,0.000114015295889077
"185","GO:BP","GO:0022411","cellular component disassembly",114,434,0.000114015295889077
"186","GO:BP","GO:0051604","protein maturation",143,571,0.000114059045387775
"187","GO:BP","GO:0006915","apoptotic process",409,1919,0.000124267832593703
"188","GO:BP","GO:0006487","protein N-linked glycosylation",30,74,0.000129111695693727
"189","GO:BP","GO:0031647","regulation of protein stability",90,325,0.000130193418823558
"190","GO:BP","GO:0043009","chordate embryonic development",163,669,0.00013069334804946
"191","GO:BP","GO:0032502","developmental process",1245,6478,0.000141874557914878
"192","GO:BP","GO:2000058","regulation of ubiquitin-dependent protein catabolic process",56,177,0.000143073622620026
"193","GO:BP","GO:0072655","establishment of protein localization to mitochondrion",42,120,0.000144052633011405
"194","GO:BP","GO:0018205","peptidyl-lysine modification",47,140,0.000144052633011405
"195","GO:BP","GO:0070585","protein localization to mitochondrion",44,128,0.000145155437874736
"196","GO:BP","GO:0042176","regulation of protein catabolic process",100,372,0.000150918632549002
"197","GO:BP","GO:0032206","positive regulation of telomere maintenance",29,71,0.000150918632549002
"198","GO:BP","GO:0043067","regulation of programmed cell death",327,1497,0.000151920876312631
"199","GO:BP","GO:0048584","positive regulation of response to stimulus",479,2293,0.000153675395490844
"200","GO:BP","GO:0048856","anatomical structure development",1145,5924,0.000153675395490844
"201","GO:BP","GO:2000278","regulation of DNA biosynthetic process",37,101,0.000157077988803319
"202","GO:BP","GO:0000725","recombinational repair",57,182,0.000158681763742107
"203","GO:BP","GO:0051716","cellular response to stimulus",1394,7320,0.000162687810695746
"204","GO:BP","GO:0010833","telomere maintenance via telomere lengthening",33,86,0.000162687810695746
"205","GO:BP","GO:0016055","Wnt signaling pathway",118,457,0.000169384683440494
"206","GO:BP","GO:0006354","DNA-templated transcription elongation",45,133,0.000172963264898207
"207","GO:BP","GO:0051247","positive regulation of protein metabolic process",259,1152,0.000179815351772001
"208","GO:BP","GO:0030030","cell projection organization",349,1615,0.000185003392986846
"209","GO:BP","GO:0017004","cytochrome complex assembly",20,41,0.000192588552699729
"210","GO:BP","GO:0006950","response to stress",772,3876,0.000193435062860387
"211","GO:BP","GO:0061014","positive regulation of mRNA catabolic process",37,102,0.000195720812190122
"212","GO:BP","GO:0010564","regulation of cell cycle process",173,724,0.000205184568398124
"213","GO:BP","GO:1904358","positive regulation of telomere maintenance via telomere lengthening",19,38,0.000206676369216367
"214","GO:BP","GO:0007346","regulation of mitotic cell cycle",126,497,0.000206734664182629
"215","GO:BP","GO:0007006","mitochondrial membrane organization",40,114,0.000206734664182629
"216","GO:BP","GO:0009790","embryo development",254,1130,0.000217949501259076
"217","GO:BP","GO:0006405","RNA export from nucleus",34,91,0.000217949501259076
"218","GO:BP","GO:1903829","positive regulation of protein localization",125,493,0.000219934032089813
"219","GO:BP","GO:0032200","telomere organization",59,193,0.000233216185242662
"220","GO:BP","GO:0010506","regulation of autophagy",96,358,0.000235264034710284
"221","GO:BP","GO:0055086","nucleobase-containing small molecule metabolic process",163,677,0.000235264034710284
"222","GO:BP","GO:0000724","double-strand break repair via homologous recombination",55,177,0.00027703073320226
"223","GO:BP","GO:1903008","organelle disassembly",27,66,0.000280350361754199
"224","GO:BP","GO:0006278","RNA-templated DNA biosynthetic process",30,77,0.000283971335829259
"225","GO:BP","GO:1903312","negative regulation of mRNA metabolic process",36,100,0.000300855670473815
"226","GO:BP","GO:0009792","embryo development ending in birth or egg hatching",165,690,0.000304973657484451
"227","GO:BP","GO:0019693","ribose phosphate metabolic process",99,375,0.00033799559213095
"228","GO:BP","GO:0044281","small molecule metabolic process",381,1795,0.000350514917638233
"229","GO:BP","GO:0006400","tRNA modification",34,93,0.000359120856454865
"230","GO:BP","GO:0006508","proteolysis",316,1457,0.000362514272687482
"231","GO:BP","GO:0042981","regulation of apoptotic process",316,1458,0.000382992363665518
"232","GO:BP","GO:0009259","ribonucleotide metabolic process",97,367,0.000384723057361808
"233","GO:BP","GO:0006626","protein targeting to mitochondrion",37,105,0.000384723057361808
"234","GO:BP","GO:1902532","negative regulation of intracellular signal transduction",154,640,0.000414632937038462
"235","GO:BP","GO:0016310","phosphorylation",338,1575,0.000440741527667588
"236","GO:BP","GO:0070201","regulation of establishment of protein localization",133,539,0.000448438728720411
"237","GO:BP","GO:0031123","RNA 3'-end processing",34,94,0.000453394931970879
"238","GO:BP","GO:0044087","regulation of cellular component biogenesis",219,965,0.000467982273978266
"239","GO:BP","GO:0009150","purine ribonucleotide metabolic process",92,346,0.000488664408699926
"240","GO:BP","GO:0006390","mitochondrial transcription",12,19,0.000489912337928171
"241","GO:BP","GO:0010605","negative regulation of macromolecule metabolic process",642,3197,0.000497471077415002
"242","GO:BP","GO:0032006","regulation of TOR signaling",47,147,0.000502489437016944
"243","GO:BP","GO:0006289","nucleotide-excision repair",31,83,0.000502489437016944
"244","GO:BP","GO:0001510","RNA methylation",31,83,0.000502489437016944
"245","GO:BP","GO:0061136","regulation of proteasomal protein catabolic process",59,198,0.000502489437016944
"246","GO:BP","GO:0051170","import into nucleus",52,168,0.000502489437016944
"247","GO:BP","GO:0009117","nucleotide metabolic process",124,498,0.000536479424163474
"248","GO:BP","GO:0050821","protein stabilization",63,216,0.000539586994143832
"249","GO:BP","GO:0050684","regulation of mRNA processing",44,135,0.000541213351959792
"250","GO:BP","GO:0051248","negative regulation of protein metabolic process",167,708,0.000553880422143943
"251","GO:BP","GO:0030512","negative regulation of transforming growth factor beta receptor signaling pathway",34,95,0.000553880422143943
"252","GO:BP","GO:0141124","intracellular signaling cassette",398,1895,0.000553880422143943
"253","GO:BP","GO:1901137","carbohydrate derivative biosynthetic process",147,610,0.000559313548526794
"254","GO:BP","GO:0097250","mitochondrial respirasome assembly",39,115,0.000574587652159146
"255","GO:BP","GO:0072521","purine-containing compound metabolic process",138,567,0.000598101732713776
"256","GO:BP","GO:0009205","purine ribonucleoside triphosphate metabolic process",70,248,0.000607921262984342
"257","GO:BP","GO:0030522","intracellular receptor signaling pathway",96,367,0.000609422580478964
"258","GO:BP","GO:0010256","endomembrane system organization",146,607,0.0006499109191613
"259","GO:BP","GO:0046434","organophosphate catabolic process",68,240,0.000687185881144934
"260","GO:BP","GO:0023056","positive regulation of signaling",376,1784,0.000687185881144934
"261","GO:BP","GO:0090101","negative regulation of transmembrane receptor protein serine/threonine kinase signaling pathway",47,149,0.00070276864191951
"262","GO:BP","GO:0033108","mitochondrial respiratory chain complex assembly",36,104,0.00070515186274609
"263","GO:BP","GO:0009199","ribonucleoside triphosphate metabolic process",71,255,0.000846924749890633
"264","GO:BP","GO:0009144","purine nucleoside triphosphate metabolic process",71,255,0.000846924749890633
"265","GO:BP","GO:0051129","negative regulation of cellular component organization",168,719,0.000860398963790546
"266","GO:BP","GO:1901990","regulation of mitotic cell cycle phase transition",88,333,0.000865806196496066
"267","GO:BP","GO:0061157","mRNA destabilization",34,97,0.000867140886974655
"268","GO:BP","GO:0050779","RNA destabilization",35,101,0.000868512531176813
"269","GO:BP","GO:0042274","ribosomal small subunit biogenesis",35,101,0.000868512531176813
"270","GO:BP","GO:0006606","protein import into nucleus",50,163,0.000868512531176813
"271","GO:BP","GO:0007399","nervous system development",517,2541,0.000930920134824981
"272","GO:BP","GO:0045739","positive regulation of DNA repair",42,130,0.000976141601598158
"273","GO:BP","GO:0072344","rescue of stalled ribosome",15,29,0.000990524331848852
"274","GO:BP","GO:0010647","positive regulation of cell communication",374,1783,0.00106101505758751
"275","GO:BP","GO:0007178","cell surface receptor protein serine/threonine kinase signaling pathway",94,363,0.00106243290732999
"276","GO:BP","GO:0032386","regulation of intracellular transport",73,266,0.0010624768043016
"277","GO:BP","GO:0009141","nucleoside triphosphate metabolic process",74,271,0.00112536065391202
"278","GO:BP","GO:1901292","nucleoside phosphate catabolic process",54,182,0.0011497564988468
"279","GO:BP","GO:0007030","Golgi organization",47,152,0.00115916067296261
"280","GO:BP","GO:0072523","purine-containing compound catabolic process",47,152,0.00115916067296261
"281","GO:BP","GO:1904874","positive regulation of telomerase RNA localization to Cajal body",10,15,0.00118641423637575
"282","GO:BP","GO:0170036","import into the mitochondrion",20,46,0.00122037612846503
"283","GO:BP","GO:0009967","positive regulation of signal transduction",332,1566,0.00124564081587617
"284","GO:BP","GO:0001701","in utero embryonic development",104,412,0.00124832121641961
"285","GO:BP","GO:1904951","positive regulation of establishment of protein localization",87,332,0.00125418448982449
"286","GO:BP","GO:0120036","plasma membrane bounded cell projection organization",333,1572,0.00128326099227303
"287","GO:BP","GO:0010507","negative regulation of autophagy",32,91,0.00128559776252812
"288","GO:BP","GO:0016197","endosomal transport",77,286,0.00128559776252812
"289","GO:BP","GO:0007059","chromosome segregation",107,427,0.00132004862833636
"290","GO:BP","GO:0045727","positive regulation of translation",43,136,0.00132369138069881
"291","GO:BP","GO:2000779","regulation of double-strand break repair",42,132,0.00136826284028719
"292","GO:BP","GO:0033365","protein localization to organelle",259,1189,0.00140385540636589
"293","GO:BP","GO:0016236","macroautophagy",88,338,0.001427353773657
"294","GO:BP","GO:0006414","translational elongation",28,76,0.00145309893857019
"295","GO:BP","GO:0044093","positive regulation of molecular function",214,959,0.00145309893857019
"296","GO:BP","GO:1904872","regulation of telomerase RNA localization to Cajal body",11,18,0.00145834200098587
"297","GO:BP","GO:2001252","positive regulation of chromosome organization",34,100,0.00159948614314633
"298","GO:BP","GO:0009261","ribonucleotide catabolic process",42,133,0.00162224549297178
"299","GO:BP","GO:0006888","endoplasmic reticulum to Golgi vesicle-mediated transport",42,133,0.00162224549297178
"300","GO:BP","GO:0030111","regulation of Wnt signaling pathway",86,330,0.00163234214018686
"301","GO:BP","GO:0009653","anatomical structure morphogenesis",542,2692,0.0016650880930761
"302","GO:BP","GO:0006163","purine nucleotide metabolic process",108,435,0.00175212897804657
"303","GO:BP","GO:1904816","positive regulation of protein localization to chromosome, telomeric region",9,13,0.00180177612711931
"304","GO:BP","GO:0071495","cellular response to endogenous stimulus",263,1215,0.00185144494494912
"305","GO:BP","GO:0007017","microtubule-based process",213,959,0.00196833542960666
"306","GO:BP","GO:0018279","protein N-linked glycosylation via asparagine",19,44,0.00197481672848436
"307","GO:BP","GO:0006997","nucleus organization",45,147,0.00201765450614187
"308","GO:BP","GO:0009890","negative regulation of biosynthetic process",568,2838,0.00202295699157597
"309","GO:BP","GO:0002181","cytoplasmic translation",48,160,0.00204451674133154
"310","GO:BP","GO:0006413","translational initiation",40,126,0.00205189196406238
"311","GO:BP","GO:0090304","nucleic acid metabolic process",1401,7460,0.00205189196406238
"312","GO:BP","GO:0071897","DNA biosynthetic process",53,182,0.00209710520155041
"313","GO:BP","GO:0006368","transcription elongation by RNA polymerase II",38,118,0.0021751988942796
"314","GO:BP","GO:1901987","regulation of cell cycle phase transition",107,433,0.00222843504012889
"315","GO:BP","GO:0032434","regulation of proteasomal ubiquitin-dependent protein catabolic process",42,135,0.00226223886728355
"316","GO:BP","GO:0051640","organelle localization",146,624,0.00226336406987037
"317","GO:BP","GO:0000959","mitochondrial RNA metabolic process",20,48,0.00226336406987037
"318","GO:BP","GO:2000060","positive regulation of ubiquitin-dependent protein catabolic process",36,110,0.00226336406987037
"319","GO:BP","GO:0010639","negative regulation of organelle organization",91,357,0.00227824741990099
"320","GO:BP","GO:0043543","protein acylation",31,90,0.00238737045191794
"321","GO:BP","GO:1902903","regulation of supramolecular fiber organization",97,386,0.00238929744488757
"322","GO:BP","GO:1904869","regulation of protein localization to Cajal body",8,11,0.00262729799293707
"323","GO:BP","GO:0007179","transforming growth factor beta receptor signaling pathway",58,206,0.00262729799293707
"324","GO:BP","GO:0045945","positive regulation of transcription by RNA polymerase III",11,19,0.00262729799293707
"325","GO:BP","GO:0090670","RNA localization to Cajal body",11,19,0.00262729799293707
"326","GO:BP","GO:0090671","telomerase RNA localization to Cajal body",11,19,0.00262729799293707
"327","GO:BP","GO:0090672","telomerase RNA localization",11,19,0.00262729799293707
"328","GO:BP","GO:0090685","RNA localization to nucleus",11,19,0.00262729799293707
"329","GO:BP","GO:1904871","positive regulation of protein localization to Cajal body",8,11,0.00262729799293707
"330","GO:BP","GO:0007010","cytoskeleton organization",319,1517,0.00290167169591723
"331","GO:BP","GO:0141091","transforming growth factor beta receptor superfamily signaling pathway",87,341,0.00302324355893836
"332","GO:BP","GO:0044772","mitotic cell cycle phase transition",106,432,0.00306154431609183
"333","GO:BP","GO:0051090","regulation of DNA-binding transcription factor activity",88,346,0.0030944111167349
"334","GO:BP","GO:0009166","nucleotide catabolic process",47,159,0.00333415040350684
"335","GO:BP","GO:0006303","double-strand break repair via nonhomologous end joining",25,68,0.00336941165809385
"336","GO:BP","GO:0017148","negative regulation of translation",40,129,0.00338010500014699
"337","GO:BP","GO:0051049","regulation of transport",332,1589,0.00338950240406438
"338","GO:BP","GO:0070198","protein localization to chromosome, telomeric region",15,32,0.00345061198020376
"339","GO:BP","GO:0048468","cell development",564,2833,0.00347347564185189
"340","GO:BP","GO:1902373","negative regulation of mRNA catabolic process",27,76,0.00350623917164801
"341","GO:BP","GO:0009267","cellular response to starvation",51,177,0.00350623917164801
"342","GO:BP","GO:0051865","protein autoubiquitination",27,76,0.00350623917164801
"343","GO:BP","GO:0031110","regulation of microtubule polymerization or depolymerization",32,96,0.00350623917164801
"344","GO:BP","GO:1902369","negative regulation of RNA catabolic process",30,88,0.0035666422932972
"345","GO:BP","GO:0042796","snRNA transcription by RNA polymerase III",7,9,0.00373611871718375
"346","GO:BP","GO:0032984","protein-containing complex disassembly",67,250,0.00382883034573633
"347","GO:BP","GO:0090092","regulation of transmembrane receptor protein serine/threonine kinase signaling pathway",70,264,0.0038923247861496
"348","GO:BP","GO:0009132","nucleoside diphosphate metabolic process",40,130,0.00393116079776633
"349","GO:BP","GO:0010558","negative regulation of macromolecule biosynthetic process",552,2772,0.00393196215635627
"350","GO:BP","GO:0007033","vacuole organization",63,232,0.00395699136194163
"351","GO:BP","GO:0009154","purine ribonucleotide catabolic process",39,126,0.00408534766640548
"352","GO:BP","GO:0000226","microtubule cytoskeleton organization",152,663,0.00414580292954437
"353","GO:BP","GO:0061077","chaperone-mediated protein folding",26,73,0.00430678836933735
"354","GO:BP","GO:0007007","inner mitochondrial membrane organization",18,43,0.00431944863676375
"355","GO:BP","GO:0006195","purine nucleotide catabolic process",41,135,0.00439472226600706
"356","GO:BP","GO:2000042","negative regulation of double-strand break repair via homologous recombination",12,23,0.00444020857423592
"357","GO:BP","GO:0030150","protein import into mitochondrial matrix",11,20,0.004516306825543
"358","GO:BP","GO:0009301","snRNA transcription",11,20,0.004516306825543
"359","GO:BP","GO:0048024","regulation of mRNA splicing, via spliceosome",36,114,0.00454018529655482
"360","GO:BP","GO:0071560","cellular response to transforming growth factor beta stimulus",69,261,0.00458853052231144
"361","GO:BP","GO:0009185","ribonucleoside diphosphate metabolic process",38,123,0.00501575575391734
"362","GO:BP","GO:0031109","microtubule polymerization or depolymerization",41,136,0.00513087531733099
"363","GO:BP","GO:0006458","'de novo' protein folding",17,40,0.00513087531733099
"364","GO:BP","GO:0048255","mRNA stabilization",24,66,0.00513910592857578
"365","GO:BP","GO:0048731","system development",772,3985,0.00518471409209846
"366","GO:BP","GO:0044770","cell cycle phase transition",126,537,0.0052565800484925
"367","GO:BP","GO:0048285","organelle fission",118,498,0.00545897013270141
"368","GO:BP","GO:0030177","positive regulation of Wnt signaling pathway",42,141,0.00568797521598231
"369","GO:BP","GO:0098734","macromolecule depalmitoylation",8,12,0.00588432010060588
"370","GO:BP","GO:0006310","DNA recombination",84,334,0.00588432010060588
"371","GO:BP","GO:1905456","regulation of lymphoid progenitor cell differentiation",8,12,0.00588432010060588
"372","GO:BP","GO:1904867","protein localization to Cajal body",8,12,0.00588432010060588
"373","GO:BP","GO:1903405","protein localization to nuclear body",8,12,0.00588432010060588
"374","GO:BP","GO:0051098","regulation of binding",62,231,0.00591440333590428
"375","GO:BP","GO:0019080","viral gene expression",33,103,0.00592054442530166
"376","GO:BP","GO:0010948","negative regulation of cell cycle process",77,301,0.0059251906147889
"377","GO:BP","GO:0006479","protein methylation",19,48,0.00645277352501589
"378","GO:BP","GO:0008213","protein alkylation",19,48,0.00645277352501589
"379","GO:BP","GO:0006406","mRNA export from nucleus",25,71,0.00652891128222233
"380","GO:BP","GO:0051091","positive regulation of DNA-binding transcription factor activity",57,209,0.00652891128222233
"381","GO:BP","GO:0017015","regulation of transforming growth factor beta receptor signaling pathway",42,142,0.00652891128222233
"382","GO:BP","GO:0030258","lipid modification",53,191,0.00664492328488491
"383","GO:BP","GO:0031669","cellular response to nutrient levels",65,246,0.00666954729318216
"384","GO:BP","GO:0098876","vesicle-mediated transport to the plasma membrane",44,151,0.00672376145947476
"385","GO:BP","GO:0009058","biosynthetic process",1955,10675,0.00680670383855874
"386","GO:BP","GO:0045732","positive regulation of protein catabolic process",58,214,0.00682909658588074
"387","GO:BP","GO:0016180","snRNA processing",15,34,0.00695420581763532
"388","GO:BP","GO:0090151","establishment of protein localization to mitochondrial membrane",15,34,0.00695420581763532
"389","GO:BP","GO:0042770","signal transduction in response to DNA damage",54,196,0.00697564911166946
"390","GO:BP","GO:1904814","regulation of protein localization to chromosome, telomeric region",9,15,0.00699568452087525
"391","GO:BP","GO:0009191","ribonucleoside diphosphate catabolic process",32,100,0.00719851162177525
"392","GO:BP","GO:0070200","establishment of protein localization to telomere",10,18,0.0074395564749275
"393","GO:BP","GO:1902115","regulation of organelle assembly",60,224,0.007465671500943
"394","GO:BP","GO:0031163","metallo-sulfur cluster assembly",14,31,0.00802758914789704
"395","GO:BP","GO:2000036","regulation of stem cell population maintenance",25,72,0.00802758914789704
"396","GO:BP","GO:0060070","canonical Wnt signaling pathway",78,309,0.00802758914789704
"397","GO:BP","GO:0016226","iron-sulfur cluster assembly",14,31,0.00802758914789704
"398","GO:BP","GO:0008535","respiratory chain complex IV assembly",14,31,0.00802758914789704
"399","GO:BP","GO:0000902","cell morphogenesis",213,986,0.00802758914789704
"400","GO:BP","GO:0044743","protein transmembrane import into intracellular organelle",16,38,0.0081334822492391
"401","GO:BP","GO:0000966","RNA 5'-end processing",16,38,0.0081334822492391
"402","GO:BP","GO:0035967","cellular response to topologically incorrect protein",33,105,0.0082043048761637
"403","GO:BP","GO:0072175","epithelial tube formation",40,135,0.0082043048761637
"404","GO:BP","GO:0140014","mitotic nuclear division",72,281,0.00823303784238409
"405","GO:BP","GO:1902905","positive regulation of supramolecular fiber organization",49,175,0.00836616516556588
"406","GO:BP","GO:0007166","cell surface receptor signaling pathway",553,2803,0.00852795623879691
"407","GO:BP","GO:0022008","neurogenesis",357,1746,0.00865467804128169
"408","GO:BP","GO:1990253","cellular response to leucine starvation",7,10,0.0088941572714009
"409","GO:BP","GO:0018216","peptidyl-arginine methylation",7,10,0.0088941572714009
"410","GO:BP","GO:1904851","positive regulation of establishment of protein localization to telomere",7,10,0.0088941572714009
"411","GO:BP","GO:0140694","membraneless organelle assembly",97,402,0.00894228868054127
"412","GO:BP","GO:0033119","negative regulation of RNA splicing",13,28,0.00910285272963966
"413","GO:BP","GO:0031399","regulation of protein modification process",247,1166,0.00913900860933099
"414","GO:BP","GO:0071559","response to transforming growth factor beta",69,268,0.00913900860933099
"415","GO:BP","GO:0032436","positive regulation of proteasomal ubiquitin-dependent protein catabolic process",28,85,0.00938171269287086
"416","GO:BP","GO:2000573","positive regulation of DNA biosynthetic process",22,61,0.00939998938541293
"417","GO:BP","GO:0030518","nuclear receptor-mediated steroid hormone signaling pathway",37,123,0.00939998938541293
"418","GO:BP","GO:0060627","regulation of vesicle-mediated transport",121,521,0.00939998938541293
"419","GO:BP","GO:0045943","positive regulation of transcription by RNA polymerase I",15,35,0.00944389362123414
"420","GO:BP","GO:2000780","negative regulation of double-strand break repair",15,35,0.00944389362123414
"421","GO:BP","GO:1903844","regulation of cellular response to transforming growth factor beta stimulus",42,145,0.0095749591518235
"422","GO:BP","GO:0010569","regulation of double-strand break repair via homologous recombination",25,73,0.0095749591518235
"423","GO:BP","GO:0008610","lipid biosynthetic process",163,733,0.0095749591518235
"424","GO:BP","GO:0044782","cilium organization",100,418,0.00978783848296551
"425","GO:BP","GO:0010970","transport along microtubule",48,172,0.00990003834137988
"426","GO:BP","GO:0016050","vesicle organization",89,365,0.0102519344112297
"427","GO:BP","GO:0046822","regulation of nucleocytoplasmic transport",35,115,0.0102519344112297
"428","GO:BP","GO:0042594","response to starvation",58,218,0.0103207319239639
"429","GO:BP","GO:0000819","sister chromatid segregation",61,232,0.0104145910274485
"430","GO:BP","GO:0021915","neural tube development",45,159,0.0104573787895149
"431","GO:BP","GO:0031503","protein-containing complex localization",52,191,0.0109664188860238
"432","GO:BP","GO:0035148","tube formation",42,146,0.0109664188860238
"433","GO:BP","GO:0000070","mitotic sister chromatid segregation",52,191,0.0109664188860238
"434","GO:BP","GO:0000289","nuclear-transcribed mRNA poly(A) tail shortening",14,32,0.0110048483205651
"435","GO:BP","GO:0031116","positive regulation of microtubule polymerization",14,32,0.0110048483205651
"436","GO:BP","GO:0001682","tRNA 5'-leader removal",8,13,0.0110345035779455
"437","GO:BP","GO:0061053","somite development",28,86,0.0110345035779455
"438","GO:BP","GO:1901991","negative regulation of mitotic cell cycle phase transition",50,182,0.0110345035779455
"439","GO:BP","GO:0070507","regulation of microtubule cytoskeleton organization",46,164,0.0110658102048469
"440","GO:BP","GO:0006998","nuclear envelope organization",21,58,0.0112718687557114
"441","GO:BP","GO:0045930","negative regulation of mitotic cell cycle",61,233,0.0114306727090524
"442","GO:BP","GO:0046034","ATP metabolic process",59,224,0.0118384205413314
"443","GO:BP","GO:0099116","tRNA 5'-end processing",9,16,0.0119011926291417
"444","GO:BP","GO:0062197","cellular response to chemical stress",78,314,0.0120419843321752
"445","GO:BP","GO:1903052","positive regulation of proteolysis involved in protein catabolic process",40,138,0.0121487422564128
"446","GO:BP","GO:0007167","enzyme-linked receptor protein signaling pathway",206,959,0.0121631774345097
"447","GO:BP","GO:1902745","positive regulation of lamellipodium organization",15,36,0.0126953775179171
"448","GO:BP","GO:0031112","positive regulation of microtubule polymerization or depolymerization",15,36,0.0126953775179171
"449","GO:BP","GO:0051084","'de novo' post-translational protein folding",15,36,0.0126953775179171
"450","GO:BP","GO:0000460","maturation of 5.8S rRNA",15,36,0.0126953775179171
"451","GO:BP","GO:0062028","regulation of stress granule assembly",6,8,0.0128195144060349
"452","GO:BP","GO:2000973","regulation of pro-B cell differentiation",6,8,0.0128195144060349
"453","GO:BP","GO:0071407","cellular response to organic cyclic compound",123,536,0.0128195144060349
"454","GO:BP","GO:0060828","regulation of canonical Wnt signaling pathway",65,253,0.0128522762793114
"455","GO:BP","GO:0141193","nuclear receptor-mediated signaling pathway",49,179,0.0130889176935045
"456","GO:BP","GO:0140374","antiviral innate immune response",19,51,0.0131703529795427
"457","GO:BP","GO:0042149","cellular response to glucose starvation",19,51,0.0131703529795427
"458","GO:BP","GO:0034198","cellular response to amino acid starvation",19,51,0.0131703529795427
"459","GO:BP","GO:0044092","negative regulation of molecular function",134,592,0.0133063119347313
"460","GO:BP","GO:0009134","nucleoside diphosphate catabolic process",32,104,0.0133095323389624
"461","GO:BP","GO:0006650","glycerophospholipid metabolic process",75,301,0.0133483842252761
"462","GO:BP","GO:0051493","regulation of cytoskeleton organization",119,517,0.0135355749312302
"463","GO:BP","GO:0045017","glycerolipid biosynthetic process",64,249,0.0136494988660054
"464","GO:BP","GO:0010212","response to ionizing radiation",40,139,0.0136494988660054
"465","GO:BP","GO:0043489","RNA stabilization",25,75,0.0138101443738049
"466","GO:BP","GO:0000288","nuclear-transcribed mRNA catabolic process, deadenylation-dependent decay",21,59,0.0138432006747306
"467","GO:BP","GO:0009135","purine nucleoside diphosphate metabolic process",34,113,0.0140723737317546
"468","GO:BP","GO:0009179","purine ribonucleoside diphosphate metabolic process",34,113,0.0140723737317546
"469","GO:BP","GO:0000045","autophagosome assembly",34,113,0.0140723737317546
"470","GO:BP","GO:0070085","glycosylation",62,240,0.0140917192898768
"471","GO:BP","GO:0033617","mitochondrial cytochrome c oxidase assembly",12,26,0.0142846648964231
"472","GO:BP","GO:2000737","negative regulation of stem cell differentiation",12,26,0.0142846648964231
"473","GO:BP","GO:0045995","regulation of embryonic development",29,92,0.0148289023868485
"474","GO:BP","GO:0002183","cytoplasmic translational initiation",17,44,0.0149224196080678
"475","GO:BP","GO:0034599","cellular response to oxidative stress",64,250,0.0149224196080678
"476","GO:BP","GO:0141137","positive regulation of gene expression, epigenetic",17,44,0.0149224196080678
"477","GO:BP","GO:0045815","transcription initiation-coupled chromatin remodeling",17,44,0.0149224196080678
"478","GO:BP","GO:0048699","generation of neurons",311,1517,0.0149224196080678
"479","GO:BP","GO:0010628","positive regulation of gene expression",249,1189,0.0149758940591468
"480","GO:BP","GO:0007264","small GTPase-mediated signal transduction",116,504,0.0151841577144867
"481","GO:BP","GO:0090263","positive regulation of canonical Wnt signaling pathway",32,105,0.0152948394124362
"482","GO:BP","GO:1901701","cellular response to oxygen-containing compound",242,1153,0.0154865714482416
"483","GO:BP","GO:0043254","regulation of protein-containing complex assembly",99,420,0.0156349165179934
"484","GO:BP","GO:0006356","regulation of transcription by RNA polymerase I",18,48,0.0157117402590099
"485","GO:BP","GO:0034314","Arp2/3 complex-mediated actin nucleation",18,48,0.0157117402590099
"486","GO:BP","GO:0032886","regulation of microtubule-based process",67,265,0.0158935551333944
"487","GO:BP","GO:0030182","neuron differentiation",295,1434,0.0160420512180493
"488","GO:BP","GO:0030097","hemopoiesis",207,971,0.0162122709631138
"489","GO:BP","GO:0009303","rRNA transcription",15,37,0.016478178616946
"490","GO:BP","GO:0045738","negative regulation of DNA repair",15,37,0.016478178616946
"491","GO:BP","GO:0009137","purine nucleoside diphosphate catabolic process",30,97,0.0164981389494046
"492","GO:BP","GO:1990542","mitochondrial transmembrane transport",30,97,0.0164981389494046
"493","GO:BP","GO:0009181","purine ribonucleoside diphosphate catabolic process",30,97,0.0164981389494046
"494","GO:BP","GO:0098732","macromolecule deacylation",20,56,0.0165924427859605
"495","GO:BP","GO:0016925","protein sumoylation",23,68,0.0167477162784486
"496","GO:BP","GO:0051223","regulation of protein transport",103,441,0.0168044896991501
"497","GO:BP","GO:0009719","response to endogenous stimulus",303,1478,0.0168044896991501
"498","GO:BP","GO:0046890","regulation of lipid biosynthetic process",48,177,0.0169077793861263
"499","GO:BP","GO:0046834","lipid phosphorylation",7,11,0.0169636666946901
"500","GO:BP","GO:0070203","regulation of establishment of protein localization to telomere",7,11,0.0169636666946901
"501","GO:BP","GO:1904357","negative regulation of telomere maintenance via telomere lengthening",13,30,0.0169636666946901
"502","GO:BP","GO:0051081","nuclear membrane disassembly",7,11,0.0169636666946901
"503","GO:BP","GO:0006468","protein phosphorylation",277,1341,0.0173970697008703
"504","GO:BP","GO:0050790","regulation of catalytic activity",215,1015,0.0177179422305417
"505","GO:BP","GO:0030307","positive regulation of cell growth",45,164,0.0182829471791596
"506","GO:BP","GO:0043144","sno(s)RNA processing",8,14,0.0188470500117968
"507","GO:BP","GO:1990173","protein localization to nucleoplasm",8,14,0.0188470500117968
"508","GO:BP","GO:0031124","mRNA 3'-end processing",17,45,0.018943038279148
"509","GO:BP","GO:0045862","positive regulation of proteolysis",60,234,0.0192056985580108
"510","GO:BP","GO:0042147","retrograde transport, endosome to Golgi",30,98,0.0192114211969735
"511","GO:BP","GO:0071396","cellular response to lipid",136,609,0.0193098375493024
"512","GO:BP","GO:0009247","glycolipid biosynthetic process",25,77,0.0193803318235842
"513","GO:BP","GO:0060562","epithelial tube morphogenesis",81,335,0.0195913843910392
"514","GO:BP","GO:0042073","intraciliary transport",18,49,0.0196615527299576
"515","GO:BP","GO:1905037","autophagosome organization",35,120,0.0200469386888344
"516","GO:BP","GO:0060324","face development",19,53,0.0201928110224084
"517","GO:BP","GO:0032869","cellular response to insulin stimulus",53,202,0.0207574792783202
"518","GO:BP","GO:0016482","cytosolic transport",39,138,0.0207574792783202
"519","GO:BP","GO:0051099","positive regulation of binding",34,116,0.0211650678092701
"520","GO:BP","GO:1901800","positive regulation of proteasomal protein catabolic process",34,116,0.0211650678092701
"521","GO:BP","GO:0032205","negative regulation of telomere maintenance",15,38,0.0214809920138565
"522","GO:BP","GO:0060323","head morphogenesis",15,38,0.0214809920138565
"523","GO:BP","GO:1901988","negative regulation of cell cycle phase transition",65,259,0.0215016374976232
"524","GO:BP","GO:0030162","regulation of proteolysis",101,435,0.0218867305981152
"525","GO:BP","GO:1990778","protein localization to cell periphery",86,361,0.0220565955708571
"526","GO:BP","GO:0034976","response to endoplasmic reticulum stress",59,231,0.0225477595207061
"527","GO:BP","GO:0001837","epithelial to mesenchymal transition",45,166,0.0229940457866003
"528","GO:BP","GO:0002320","lymphoid progenitor cell differentiation",11,24,0.0230035413055777
"529","GO:BP","GO:0006359","regulation of transcription by RNA polymerase III",13,31,0.0232423201060427
"530","GO:BP","GO:0062125","regulation of mitochondrial gene expression",13,31,0.0232423201060427
"531","GO:BP","GO:0071763","nuclear membrane organization",17,46,0.0241353556754559
"532","GO:BP","GO:0072659","protein localization to plasma membrane",72,294,0.0243099170670271
"533","GO:BP","GO:0099111","microtubule-based transport",55,213,0.024502347658235
"534","GO:BP","GO:0006352","DNA-templated transcription initiation",52,199,0.0245979789112519
"535","GO:BP","GO:0042273","ribosomal large subunit biogenesis",22,66,0.0248103922625145
"536","GO:BP","GO:0051053","negative regulation of DNA metabolic process",38,135,0.0250145637969913
"537","GO:BP","GO:0048858","cell projection morphogenesis",148,675,0.0250366516451821
"538","GO:BP","GO:1990928","response to amino acid starvation",19,54,0.0250638511811779
"539","GO:BP","GO:0120039","plasma membrane bounded cell projection morphogenesis",147,670,0.0251438599156255
"540","GO:BP","GO:0072359","circulatory system development",236,1134,0.025647109340435
"541","GO:BP","GO:0031400","negative regulation of protein modification process",88,373,0.0258090082125714
"542","GO:BP","GO:0090181","regulation of cholesterol metabolic process",14,35,0.0258618160441617
"543","GO:BP","GO:0045814","negative regulation of gene expression, epigenetic",43,158,0.0259265628598086
"544","GO:BP","GO:0045786","negative regulation of cell cycle",91,388,0.0259265628598086
"545","GO:BP","GO:0003007","heart morphogenesis",66,266,0.0259265628598086
"546","GO:BP","GO:0010563","negative regulation of phosphorus metabolic process",79,329,0.0259265628598086
"547","GO:BP","GO:0045936","negative regulation of phosphate metabolic process",79,329,0.0259265628598086
"548","GO:BP","GO:0001838","embryonic epithelial tube formation",35,122,0.0259310082055955
"549","GO:BP","GO:0043401","steroid hormone receptor signaling pathway",39,140,0.0262955409538575
"550","GO:BP","GO:0009138","pyrimidine nucleoside diphosphate metabolic process",6,9,0.0268148699278276
"551","GO:BP","GO:0019364","pyridine nucleotide catabolic process",29,96,0.0268148699278276
"552","GO:BP","GO:0031946","regulation of glucocorticoid biosynthetic process",6,9,0.0268148699278276
"553","GO:BP","GO:0046785","microtubule polymerization",29,96,0.0268148699278276
"554","GO:BP","GO:0097680","double-strand break repair via classical nonhomologous end joining",6,9,0.0268148699278276
"555","GO:BP","GO:0019216","regulation of lipid metabolic process",76,315,0.0270852522911569
"556","GO:BP","GO:0010592","positive regulation of lamellipodium assembly",12,28,0.0271260642303906
"557","GO:BP","GO:0098813","nuclear chromosome segregation",77,320,0.0272488721091174
"558","GO:BP","GO:0090287","regulation of cellular response to growth factor stimulus",77,320,0.0272488721091174
"559","GO:BP","GO:0016233","telomere capping",15,39,0.0274048885187399
"560","GO:BP","GO:0034620","cellular response to unfolded protein",28,92,0.0280228836415957
"561","GO:BP","GO:0000075","cell cycle checkpoint signaling",51,196,0.0285417128453101
"562","GO:BP","GO:0015936","coenzyme A metabolic process",9,18,0.0285417128453101
"563","GO:BP","GO:0032870","cellular response to hormone stimulus",140,637,0.0288437006219601
"564","GO:BP","GO:0051607","defense response to virus",75,311,0.0288908641589505
"565","GO:BP","GO:0071383","cellular response to steroid hormone stimulus",55,215,0.0290443862589896
"566","GO:BP","GO:0032784","regulation of DNA-templated transcription elongation",30,101,0.0294404292457076
"567","GO:BP","GO:0046031","ADP metabolic process",30,101,0.0294404292457076
"568","GO:BP","GO:0090407","organophosphate biosynthetic process",136,617,0.0294589469878593
"569","GO:BP","GO:0150011","regulation of neuron projection arborization",8,15,0.0299914225858831
"570","GO:BP","GO:0002328","pro-B cell differentiation",7,12,0.0299914225858831
"571","GO:BP","GO:1900152","negative regulation of nuclear-transcribed mRNA catabolic process, deadenylation-dependent decay",7,12,0.0299914225858831
"572","GO:BP","GO:0030397","membrane disassembly",7,12,0.0299914225858831
"573","GO:BP","GO:0070986","left/right axis specification",8,15,0.0299914225858831
"574","GO:BP","GO:0060211","regulation of nuclear-transcribed mRNA poly(A) tail shortening",8,15,0.0299914225858831
"575","GO:BP","GO:0018195","peptidyl-arginine modification",7,12,0.0299914225858831
"576","GO:BP","GO:0006220","pyrimidine nucleotide metabolic process",19,55,0.0299914225858831
"577","GO:BP","GO:0031126","sno(s)RNA 3'-end processing",7,12,0.0299914225858831
"578","GO:BP","GO:0070202","regulation of establishment of protein localization to chromosome",7,12,0.0299914225858831
"579","GO:BP","GO:0070243","regulation of thymocyte apoptotic process",8,15,0.0299914225858831
"580","GO:BP","GO:0007093","mitotic cell cycle checkpoint signaling",40,146,0.0306430191658053
"581","GO:BP","GO:0000466","maturation of 5.8S rRNA from tricistronic rRNA transcript (SSU-rRNA, 5.8S rRNA, LSU-rRNA)",11,25,0.0314477105674805
"582","GO:BP","GO:0046039","GTP metabolic process",11,25,0.0314477105674805
"583","GO:BP","GO:0042326","negative regulation of phosphorylation",70,288,0.0315757906292101
"584","GO:BP","GO:0035239","tube morphogenesis",185,872,0.0315757906292101
"585","GO:BP","GO:0006892","post-Golgi vesicle-mediated transport",31,106,0.031707348126862
"586","GO:BP","GO:0002009","morphogenesis of an epithelium",113,502,0.0326115742458467
"587","GO:BP","GO:0044089","positive regulation of cellular component biogenesis",112,497,0.0326818099312762
"588","GO:BP","GO:0006779","porphyrin-containing compound biosynthetic process",14,36,0.0327700938640844
"589","GO:BP","GO:0033014","tetrapyrrole biosynthetic process",14,36,0.0327700938640844
"590","GO:BP","GO:0006644","phospholipid metabolic process",89,382,0.0331453573683529
"591","GO:BP","GO:0007219","Notch signaling pathway",48,184,0.0345718341105152
"592","GO:BP","GO:0030488","tRNA methylation",15,40,0.0347589675101722
"593","GO:BP","GO:1901532","regulation of hematopoietic progenitor cell differentiation",15,40,0.0347589675101722
"594","GO:BP","GO:0007507","heart development",132,600,0.0351571222383023
"595","GO:BP","GO:2000781","positive regulation of double-strand break repair",26,85,0.0352395396605557
"596","GO:BP","GO:0006979","response to oxidative stress",92,398,0.0357637871998802
"597","GO:BP","GO:0140861","DNA repair-dependent chromatin remodeling",10,22,0.0358895580017299
"598","GO:BP","GO:0006446","regulation of translational initiation",25,81,0.0358895580017299
"599","GO:BP","GO:0033123","positive regulation of purine nucleotide catabolic process",10,22,0.0358895580017299
"600","GO:BP","GO:0034315","regulation of Arp2/3 complex-mediated actin nucleation",12,29,0.0358895580017299
"601","GO:BP","GO:0030813","positive regulation of nucleotide catabolic process",10,22,0.0358895580017299
"602","GO:BP","GO:0030811","regulation of nucleotide catabolic process",18,52,0.0358895580017299
"603","GO:BP","GO:0048666","neuron development",241,1170,0.0358895580017299
"604","GO:BP","GO:0048869","cellular developmental process",828,4382,0.0358895580017299
"605","GO:BP","GO:0016601","Rac protein signal transduction",17,48,0.0358895580017299
"606","GO:BP","GO:0006110","regulation of glycolytic process",18,52,0.0358895580017299
"607","GO:BP","GO:0033121","regulation of purine nucleotide catabolic process",18,52,0.0358895580017299
"608","GO:BP","GO:0006664","glycolipid metabolic process",31,107,0.0358895580017299
"609","GO:BP","GO:0045821","positive regulation of glycolytic process",10,22,0.0358895580017299
"610","GO:BP","GO:0046474","glycerophospholipid biosynthetic process",53,208,0.0358895580017299
"611","GO:BP","GO:0046463","acylglycerol biosynthetic process",18,52,0.0358895580017299
"612","GO:BP","GO:0098534","centriole assembly",17,48,0.0358895580017299
"613","GO:BP","GO:0046460","neutral lipid biosynthetic process",18,52,0.0358895580017299
"614","GO:BP","GO:0035966","response to topologically incorrect protein",41,152,0.0358895580017299
"615","GO:BP","GO:0032211","negative regulation of telomere maintenance via telomerase",10,22,0.0358895580017299
"616","GO:BP","GO:2001251","negative regulation of chromosome organization",28,94,0.0362728015737785
"617","GO:BP","GO:0046032","ADP catabolic process",28,94,0.0362728015737785
"618","GO:BP","GO:0046488","phosphatidylinositol metabolic process",42,157,0.0367795381672518
"619","GO:BP","GO:0046486","glycerolipid metabolic process",91,394,0.0372150585672472
"620","GO:BP","GO:0048598","embryonic morphogenesis",135,617,0.0372499010294318
"621","GO:BP","GO:0035295","tube development",226,1092,0.0372499010294318
"622","GO:BP","GO:0097581","lamellipodium organization",27,90,0.038185731070273
"623","GO:BP","GO:0030154","cell differentiation",827,4381,0.0387878775239841
"624","GO:BP","GO:2000765","regulation of cytoplasmic translation",13,33,0.0387913415475214
"625","GO:BP","GO:0009218","pyrimidine ribonucleotide metabolic process",13,33,0.0387913415475214
"626","GO:BP","GO:1903578","regulation of ATP metabolic process",23,73,0.0387913415475214
"627","GO:BP","GO:0048812","neuron projection morphogenesis",142,654,0.0391907592312847
"628","GO:BP","GO:1901699","cellular response to nitrogen compound",135,618,0.0391907592312847
"629","GO:BP","GO:0001558","regulation of cell growth",97,425,0.0394278824670349
"630","GO:BP","GO:2001233","regulation of apoptotic signaling pathway",88,380,0.0394278824670349
"631","GO:BP","GO:0072526","pyridine-containing compound catabolic process",29,99,0.0394706515509352
"632","GO:BP","GO:0040031","snRNA modification",5,7,0.0395705738949413
"633","GO:BP","GO:0009193","pyrimidine ribonucleoside diphosphate metabolic process",5,7,0.0395705738949413
"634","GO:BP","GO:0032459","regulation of protein oligomerization",5,7,0.0395705738949413
"635","GO:BP","GO:0006370","7-methylguanosine mRNA capping",5,7,0.0395705738949413
"636","GO:BP","GO:2000064","regulation of cortisol biosynthetic process",5,7,0.0395705738949413
"637","GO:BP","GO:0002084","protein depalmitoylation",5,7,0.0395705738949413
"638","GO:BP","GO:0046048","UDP metabolic process",5,7,0.0395705738949413
"639","GO:BP","GO:0007221","positive regulation of transcription of Notch receptor target",5,7,0.0395705738949413
"640","GO:BP","GO:0023052","signaling",1199,6471,0.0397818069240263
"641","GO:BP","GO:1903509","liposaccharide metabolic process",31,108,0.0399471685091338
"642","GO:BP","GO:1902749","regulation of cell cycle G2/M phase transition",33,117,0.0403793399771
"643","GO:BP","GO:0048762","mesenchymal cell differentiation",61,248,0.0404627962700909
"644","GO:BP","GO:0090659","walking behavior",14,37,0.0405831994509683
"645","GO:BP","GO:0051650","establishment of vesicle localization",52,205,0.0406147907982176
"646","GO:BP","GO:0070936","protein K48-linked ubiquitination",25,82,0.0410960884116361
"647","GO:BP","GO:0034654","nucleobase-containing compound biosynthetic process",1312,7112,0.0410960884116361
"648","GO:BP","GO:0032940","secretion by cell",176,832,0.04123713142505
"649","GO:BP","GO:1900151","regulation of nuclear-transcribed mRNA catabolic process, deadenylation-dependent decay",11,26,0.0412635620097467
"650","GO:BP","GO:0060271","cilium assembly",90,391,0.0414106597612451
"651","GO:BP","GO:0072594","establishment of protein localization to organelle",144,666,0.0417329041997727
"652","GO:BP","GO:0010389","regulation of G2/M transition of mitotic cell cycle",30,104,0.0420636812209337
"653","GO:BP","GO:0009101","glycoprotein biosynthetic process",74,312,0.0422414288083489
"654","GO:BP","GO:0008361","regulation of cell size",50,196,0.0422414288083489
"655","GO:BP","GO:0051055","negative regulation of lipid biosynthetic process",19,57,0.0422414288083489
"656","GO:BP","GO:0008286","insulin receptor signaling pathway",34,122,0.0425798540825019
"657","GO:BP","GO:1904263","positive regulation of TORC1 signaling",18,53,0.042646471572665
"658","GO:BP","GO:0030490","maturation of SSU-rRNA",18,53,0.042646471572665
"659","GO:BP","GO:0032273","positive regulation of protein polymerization",27,91,0.0428916773743758
"660","GO:BP","GO:0051094","positive regulation of developmental process",270,1331,0.043598302293469
"661","GO:BP","GO:0016032","viral process",97,427,0.04360124937797
"662","GO:BP","GO:0031346","positive regulation of cell projection organization",83,357,0.04360124937797
"663","GO:BP","GO:0030036","actin cytoskeleton organization",154,719,0.0439526083193746
"664","GO:BP","GO:0001841","neural tube formation",29,100,0.0441432771313343
"665","GO:BP","GO:0016074","sno(s)RNA metabolic process",8,16,0.0441432771313343
"666","GO:BP","GO:0090110","COPII-coated vesicle cargo loading",8,16,0.0441432771313343
"667","GO:BP","GO:0042795","snRNA transcription by RNA polymerase II",8,16,0.0441432771313343
"668","GO:BP","GO:0051338","regulation of transferase activity",119,539,0.0444551772035853
"669","GO:BP","GO:0035050","embryonic heart tube development",26,87,0.0449035451066874
"670","GO:BP","GO:0043247","telomere maintenance in response to DNA damage",12,30,0.045435600346993
"671","GO:BP","GO:0045648","positive regulation of erythrocyte differentiation",12,30,0.045435600346993
"672","GO:BP","GO:0071479","cellular response to ionizing radiation",22,70,0.0457852190198558
"673","GO:BP","GO:0006360","transcription by RNA polymerase I",22,70,0.0457852190198558
"674","GO:BP","GO:1903051","negative regulation of proteolysis involved in protein catabolic process",22,70,0.0457852190198558
"675","GO:BP","GO:1990144","intrinsic apoptotic signaling pathway in response to hypoxia",6,10,0.0463923587763196
"676","GO:BP","GO:0031175","neuron projection development",210,1014,0.0463923587763196
"677","GO:BP","GO:0015937","coenzyme A biosynthetic process",6,10,0.0463923587763196
"678","GO:BP","GO:0070244","negative regulation of thymocyte apoptotic process",6,10,0.0463923587763196
"679","GO:BP","GO:0016559","peroxisome fission",6,10,0.0463923587763196
"680","GO:BP","GO:0071028","nuclear mRNA surveillance",6,10,0.0463923587763196
"681","GO:BP","GO:0071600","otic vesicle morphogenesis",6,10,0.0463923587763196
"682","GO:BP","GO:0043069","negative regulation of programmed cell death",188,898,0.0463923587763196
"683","GO:BP","GO:0031023","microtubule organizing center organization",41,155,0.0465189720239799
"684","GO:BP","GO:1902902","negative regulation of autophagosome assembly",7,13,0.0467625852421932
"685","GO:BP","GO:0071806","protein transmembrane transport",21,66,0.0469952187490913
"686","GO:BP","GO:0032042","mitochondrial DNA metabolic process",10,23,0.0477465383666829
"687","GO:BP","GO:0048025","negative regulation of mRNA splicing, via spliceosome",10,23,0.0477465383666829
"688","GO:BP","GO:0062012","regulation of small molecule metabolic process",74,314,0.047798951492976
"689","GO:BP","GO:0016242","negative regulation of macroautophagy",13,34,0.0480804503642525
"690","GO:BP","GO:0045010","actin nucleation",20,62,0.048293951690995
"691","GO:BP","GO:0001933","negative regulation of protein phosphorylation",65,270,0.048293951690995
"692","GO:BP","GO:0031113","regulation of microtubule polymerization",20,62,0.048293951690995
"693","GO:BP","GO:0006096","glycolytic process",27,92,0.0483234679807467
"694","GO:BP","GO:0043467","regulation of generation of precursor metabolites and energy",37,137,0.0485838688524806
"695","GO:BP","GO:1903320","regulation of protein modification by small protein conjugation or removal",59,241,0.0486266890889951
"696","GO:BP","GO:0051656","establishment of organelle localization",109,490,0.0486266890889951
"697","GO:BP","GO:1901873","regulation of post-translational protein modification",60,246,0.0492977941096803
"698","GO:BP","GO:0141085","regulation of inflammasome-mediated signaling pathway",14,38,0.0498431668649758
"699","GO:BP","GO:0044546","NLRP3 inflammasome complex assembly",14,38,0.0498431668649758
"700","KEGG","KEGG:05168","Herpes simplex virus 1 infection",161,506,1.41440766160694e-08
"701","KEGG","KEGG:04141","Protein processing in endoplasmic reticulum",52,168,0.0276774299058576
"702","KEGG","KEGG:03013","Nucleocytoplasmic transport",37,108,0.0276774299058576
"703","KEGG","KEGG:03083","Polycomb repressive complex",31,84,0.0276774299058576
"704","KEGG","KEGG:04120","Ubiquitin mediated proteolysis",45,140,0.0276774299058576
"705","KEGG","KEGG:00510","N-Glycan biosynthesis",21,53,0.0424667478242557
"706","KEGG","KEGG:03018","RNA degradation",28,79,0.0438341515945868
"707","KEGG","KEGG:04137","Mitophagy - animal",34,103,0.0473719870903724
"708","KEGG","KEGG:05014","Amyotrophic lateral sclerosis",96,363,0.0473719870903724
"709","KEGG","KEGG:03082","ATP-dependent chromatin remodeling",37,116,0.0497361911871474
